{
  "Author": "Frogworks Interactive (build by Vel)",
  "Name": "OOF! (TFF)",
  "InternalName": "OofPluginTFF",
  "AssemblyVersion": "1.2.3",
  "Description": "i love roblox!!! \n           \ncraaazzzy features\n  - oof on party & alliance deaths!\n  - use custom mp3 sounds! \n  - DBO� (Distance Based Oof)!\n  - instant access to the hour long documentary on oof by hbomberguy!\n  - fully featured settings window!\n  - i really missed oof so I build it (gitsprout/first time/any tips?)\n          ",
  "ApplicableVersion": "any",
  "RepoUrl": "https://github.com/Frogworks-Interactive/OOF",
  "Tags": [
    "Oof",
    "Fall Damage",
    "Death",
    "Play",
    "Alarm",
    "Roblox",
    "Obby",
    "Sound"
  ],
  "DalamudApiLevel": 9,
  "LoadRequiredState": 0,
  "LoadSync": false,
  "CanUnloadAsync": false,
  "LoadPriority": 0,
  "Punchline": "Play the OOF! sound on fall and/or death. The Only Plugin You Need!",
  "AcceptsFeedback": true
}