[
    {
        "Author": "Frogworks Interactive (build by vel)",
        "Name": "OOF! (TFF version)",
        "Description": "Fork of the OOF! Plugin made by Frogworks-Interactive\n           \nfeatures\n  - oof on party & alliance deaths!\n  - use custom mp3 sounds! \n  - DBO (Distance Based Oof)!\n  - instant access to the hour long documentary on oof by hbomberguy!\n  - fully featured settings window!\n -i missed oof too much so i had to build it\n          ",
        "InternalName": "OofPluginTFF",
        "AssemblyVersion": "1.2.3",
        "TestingAssemblyVersion": "1.2.3",
        "Punchline": "Play the OOF! sound on fall and/or death. The Only Plugin You Need!",
        "RepoUrl": "https://github.com/VelamieNikitte/SampleVel",
        "ApplicableVersion": "any",
        "DalamudApiLevel": 9,
        "IsHide": false,
        "IsTestingExclusive": false,
        "DownloadCount": 0,
        "LoadPriority": 0,
        "Tags": [
            "Oof",
            "Fall Damage",
            "Death",
            "Play",
            "Alarm",
            "Roblox",
            "Obby",
            "Sound"
        ],
        "DownloadLinkInstall": "https://github.com/VelamieNikitte/SampleVel/raw/master/SamplePlugin/Windows/latest.zip",
        "DownloadLinkTesting": "https://github.com/VelamieNikitte/SampleVel/raw/master/SamplePlugin/Windows/latest.zip",
        "DownloadLinkUpdate": "https://github.com/VelamieNikitte/SampleVel/raw/master/SamplePlugin/Windows/latest.zip"
    }
]
